{
  "channel_id": 15,
  "views": 145,
  "avg_watch_time": 66.80892583254698,
  "completion_rate": 0.6293440754591189,
  "likes": 12,
  "shares": 8,
  "calculated_at": "2025-03-10T18:06:57.564528"
}